year,month,day,task
1992,6,25,Task1
2019,4,25,Task2
2020,11,25,Task3
2021,1,28,Task4
2021,1,28,Task5
2021,1,28,Task6
2021,1,30,Task7
2021,1,31,Task8
2021,1,31,Task9
2021,1,31,Task10
2021,1,31,Task11
2021,1,31,Task12
2021,2,1,Task13
2021,2,2,Task14
2021,2,2,Task15
2021,2,3,Task16
2021,2,3,Task17
2021,2,3,Task18
2021,2,5,Task19
2021,2,6,Task20
2021,2,6,Task21
2021,2,6,Task22
2021,2,6,Task23
2021,2,6,Task24
2021,2,7,Task25
2021,2,7,Task26
2021,2,9,Task27
2021,2,9,Task28
2021,2,9,Task29
2021,2,9,Task30
2021,2,9,Task31
2021,2,9,Task32
2021,2,9,Task33
2021,2,10,Task34
2021,2,10,Task35
2021,2,10,Task36
2021,2,12,Task37
2021,2,12,Task38
2021,2,13,Task39
2021,2,14,Task40
2021,2,14,Task41
2021,2,14,Task42
2021,2,15,Task43
2021,2,18,Task44
2021,2,19,Task45
2021,2,20,Task46
2021,2,21,Task47
2021,2,21,Task48
2021,2,28,Task49
2021,3,1,Task50
2021,3,2,Task51
2021,3,3,Task52
2021,3,4,Task53
2021,3,26,Task54
2021,8,25,Task55
2022,12,25,Task56
